,price
0,20950.0
2,10999.0
5,19799.0
6,28495.0
7,22999.0
11,14100.0
12,17819.0
13,19991.0
17,11743.0
18,26500.0
19,18373.0
20,15590.0
21,17322.0
22,10999.0
23,16944.0
26,28649.0
28,28680.0
30,20925.0
31,16987.0
32,13995.0
33,22298.0
35,13988.0
36,27850.0
37,26642.0
38,28900.0
39,18749.0
40,14600.0
41,3900.0
43,11498.0
44,16688.0
45,10432.0
46,8991.0
47,17967.0
49,6992.0
50,16999.0
52,27188.0
53,17364.0
54,26048.0
55,10000.0
56,15877.0
57,15000.0
59,24666.0
61,8572.0
62,13287.0
63,21900.0
65,12118.0
67,26865.0
68,19400.0
70,18880.0
71,27497.0
73,27994.0
74,24990.0
75,16839.0
76,18598.0
77,29997.0
78,22920.0
79,27825.0
80,10491.0
81,12700.0
82,14295.0
83,24500.0
84,9611.0
86,19445.0
87,21593.0
88,22000.0
89,21988.0
90,26534.0
91,7999.0
92,16995.0
93,19980.0
94,9990.0
95,11900.0
96,25499.0
97,28912.0
98,29900.0
99,29300.0
100,18600.0
101,24599.0
102,17176.0
103,25398.0
104,21293.0
105,22022.0
106,6995.0
107,10988.0
108,21988.0
109,21500.0
111,28445.0
112,6800.0
113,26941.0
114,16988.0
115,24999.0
116,19499.0
117,15672.0
119,10998.0
121,17300.0
123,10988.0
124,26988.0
125,14888.0
127,24992.0
129,23980.0
130,14991.0
131,18499.0
132,16677.0
133,10490.0
135,24975.0
136,12647.0
138,24498.0
139,27994.0
140,20998.0
141,28875.0
142,19950.0
143,27900.0
144,25158.0
145,28897.0
146,18591.0
147,16775.0
148,26842.0
149,17597.0
151,15999.0
152,17995.0
153,14200.0
154,22996.0
155,16765.0
157,14988.0
158,18500.0
160,13987.0
163,19496.0
164,18995.0
165,17343.0
166,18002.0
167,28848.0
168,12900.0
170,15000.0
173,28330.0
174,15800.0
176,18508.0
178,17888.0
179,29500.0
181,26500.0
182,29995.0
183,21504.0
184,28666.0
186,21800.0
187,19595.0
190,26995.0
191,23999.0
192,13900.0
194,16095.0
195,22400.0
198,15995.0
199,17701.0
200,21999.0
201,11489.0
202,2744.0
203,17500.0
204,12988.0
208,26888.0
209,18550.0
210,13900.0
211,10194.0
212,29900.0
214,24198.0
215,13998.0
216,14444.0
218,28495.0
219,17495.0
220,23995.0
222,12495.0
223,17990.0
224,4998.0
225,15998.0
226,15941.0
227,8097.0
228,16899.0
229,12516.0
230,21724.0
231,26000.0
232,16899.0
233,18995.0
234,24999.0
235,18929.0
236,18498.0
237,20888.0
238,25999.0
241,10995.0
243,21975.0
244,19638.0
245,15991.0
246,18997.0
247,13500.0
248,12815.0
249,20819.0
250,6791.0
251,11486.0
254,17995.0
256,18688.0
257,8146.0
258,18995.0
260,18821.0
261,17000.0
262,18990.0
265,24990.0
267,14995.0
270,14999.0
271,29450.0
272,15995.0
273,14900.0
274,28599.0
275,18791.0
277,20295.0
279,19998.0
280,12690.0
281,18552.0
282,14873.0
284,23390.0
285,8000.0
287,24250.0
288,16900.0
289,6495.0
290,5000.0
291,16988.0
292,27288.0
294,21991.0
295,11924.0
296,8999.0
297,14995.0
298,23930.0
301,21495.0
302,8888.0
305,20495.0
306,18529.0
307,29950.0
308,19999.0
309,28640.0
310,15988.0
312,18977.0
313,17988.0
315,16856.0
316,25988.0
317,21400.0
318,16388.0
319,25488.0
320,17495.0
321,28455.0
322,14999.0
323,28500.0
324,15255.0
325,26155.0
327,16877.0
328,17969.0
329,29831.0
330,24680.0
333,19795.0
334,26991.0
336,22095.0
337,24900.0
338,18156.0
339,14743.0
340,19449.0
342,19953.0
344,16898.0
345,24999.0
346,2995.0
348,16991.0
349,19990.0
351,17744.0
352,14990.0
354,20976.0
355,21975.0
356,23495.0
357,17995.0
358,17000.0
360,24881.0
361,29431.0
363,12333.0
364,24502.0
365,5973.0
369,19988.0
371,29887.0
372,29995.0
373,9991.0
375,16000.0
376,6795.0
377,26595.0
378,22859.0
379,20235.0
380,16994.0
381,22173.0
382,7900.0
385,18960.0
387,17500.0
388,23913.0
389,3995.0
391,26399.0
394,10990.0
395,23477.0
396,18318.0
397,15999.0
398,27459.0
399,21812.0
400,21839.0
402,21495.0
403,9991.0
404,29995.0
405,27499.0
406,16489.0
408,28500.0
409,21500.0
410,19362.0
411,18604.0
412,20988.0
413,20991.0
415,22970.0
416,25999.0
417,15995.0
418,17990.0
419,24900.0
421,17847.0
422,12850.0
423,12989.0
424,18391.0
426,15995.0
427,10990.0
428,14967.0
430,15500.0
432,9980.0
433,19895.0
434,23988.0
435,29970.0
436,13000.0
437,28995.0
438,23977.0
439,21500.0
440,7500.0
442,19990.0
444,25580.0
445,17990.0
447,26368.0
448,19300.0
449,29997.0
450,14989.0
453,11995.0
454,17488.0
455,26999.0
456,25593.0
457,24993.0
458,13963.0
459,25980.0
460,19787.0
462,12981.0
463,16995.0
465,17990.0
466,29995.0
468,10077.0
469,29980.0
470,21890.0
471,14980.0
472,20384.0
473,25000.0
476,15495.0
477,14694.0
478,27970.0
479,22588.0
480,25003.0
481,21618.0
482,26165.0
484,8595.0
486,13999.0
487,23995.0
489,11788.0
490,11980.0
493,16000.0
494,21495.0
495,26988.0
496,16900.0
497,29952.0
499,17900.0
500,19995.0
501,10599.0
502,22977.0
503,16624.0
504,20995.0
505,19895.0
506,17500.0
507,18383.0
508,13714.0
509,23152.0
510,24982.0
511,21390.0
513,15496.0
514,26000.0
515,24981.0
516,29989.0
517,29300.0
518,10944.0
521,26998.0
525,17995.0
526,15495.0
527,15997.0
528,27300.0
529,20991.0
531,18287.0
533,21995.0
534,11988.0
536,12000.0
537,7555.0
538,24995.0
540,21430.0
541,26988.0
543,18677.0
544,19995.0
545,8990.0
546,12401.0
547,18127.0
548,11991.0
549,20900.0
550,28980.0
551,3000.0
554,26560.0
555,20000.0
556,18890.0
557,11989.0
559,21290.0
560,21988.0
561,27748.0
562,18900.0
563,13990.0
568,24488.0
569,22995.0
570,20995.0
572,27000.0
573,22495.0
574,21944.0
575,29344.0
576,15488.0
577,12488.0
578,18900.0
579,14787.0
581,8500.0
582,27995.0
583,19500.0
584,20399.0
585,14798.0
586,26998.0
588,19500.0
589,25497.0
590,20995.0
592,25129.0
595,15995.0
596,23995.0
597,19498.0
599,20900.0
600,6284.0
601,4795.0
603,17500.0
604,20744.0
605,29495.0
606,18999.0
607,13865.0
608,22917.0
610,28495.0
611,25788.0
612,25500.0
613,23136.0
614,13994.0
615,14719.0
616,19599.0
619,16850.0
620,27995.0
621,20867.0
623,26587.0
624,18900.0
625,16800.0
626,15850.0
627,18500.0
628,24640.0
629,16991.0
632,19265.0
635,26900.0
636,17999.0
637,16997.0
638,25595.0
639,27995.0
640,28998.0
641,17299.0
643,27495.0
644,14789.0
645,26995.0
646,19763.0
647,25999.0
648,29985.0
650,23999.0
651,18749.0
652,11814.0
653,20597.0
654,18495.0
656,27013.0
658,25000.0
659,21995.0
661,22988.0
662,18214.0
664,22495.0
665,26800.0
666,20992.0
668,23998.0
669,19900.0
670,21805.0
671,19501.0
672,17348.0
673,17688.0
674,23500.0
675,27925.0
676,29950.0
677,18495.0
678,12881.0
679,22988.0
680,13829.0
682,13495.0
683,29472.0
685,12667.0
686,26590.0
689,19953.0
691,15000.0
692,19000.0
693,25528.0
696,17000.0
697,26891.0
699,17982.0
700,18988.0
702,25998.0
703,20488.0
704,18960.0
705,16250.0
707,15990.0
709,16000.0
710,19921.0
711,20555.0
712,26995.0
713,14547.0
714,21995.0
715,22981.0
717,7598.0
718,21398.0
720,27944.0
721,25835.0
722,23700.0
724,24498.0
725,24681.0
726,12995.0
728,20995.0
729,18994.0
731,15274.0
732,15750.0
733,16995.0
735,18995.0
737,15936.0
738,17900.0
739,18700.0
740,22862.0
741,12893.0
742,11995.0
743,6900.0
744,18989.0
745,26700.0
746,12995.0
747,15991.0
748,6795.0
749,14780.0
751,13997.0
752,26580.0
753,24464.0
754,15244.0
755,9990.0
756,14995.0
758,19899.0
759,6990.0
760,24988.0
761,17950.0
762,3000.0
763,18502.0
764,11155.0
765,17229.0
767,26999.0
768,15997.0
769,27827.0
770,11870.0
772,18509.0
773,24900.0
774,19881.0
775,13868.0
776,23944.0
777,22000.0
778,25680.0
779,14491.0
780,11900.0
781,18995.0
782,18000.0
783,16498.0
784,19998.0
785,7600.0
786,26689.0
787,16299.0
788,14294.0
791,28750.0
792,15998.0
793,23995.0
794,17889.0
796,16995.0
797,25991.0
798,16372.0
802,23500.0
803,28955.0
804,24964.0
805,26490.0
807,24285.0
808,17468.0
809,15995.0
810,15995.0
811,16980.0
812,22000.0
813,25450.0
814,26200.0
815,24933.0
816,13995.0
817,23991.0
819,22995.0
820,17811.0
821,25276.0
823,14998.0
824,24990.0
826,20000.0
827,9000.0
829,17999.0
830,17991.0
835,18497.0
836,18000.0
837,15000.0
838,13749.0
844,7500.0
845,15788.0
846,18864.0
848,24855.0
849,14377.0
850,11995.0
852,16993.0
854,18900.0
855,18000.0
856,10989.0
859,19488.0
860,22788.0
861,11999.0
862,28000.0
863,20990.0
866,21998.0
867,21000.0
868,23613.0
869,26495.0
870,23997.0
871,23999.0
872,21985.0
873,24937.0
875,23969.0
876,24988.0
879,27582.0
882,21325.0
884,20477.0
885,19242.0
886,16975.0
887,23859.0
888,25865.0
889,8999.0
893,18995.0
894,23495.0
895,21995.0
896,20997.0
897,13331.0
898,8888.0
899,13000.0
900,15998.0
901,19029.0
903,19753.0
904,17978.0
907,28219.0
908,27224.0
909,27201.0
910,17500.0
911,10000.0
912,16500.0
913,29600.0
914,23544.0
915,15200.0
916,27910.0
918,8700.0
919,25950.0
920,19682.0
921,30000.0
922,5995.0
924,19598.0
925,11500.0
926,19998.0
928,19747.0
929,16829.0
930,14989.0
932,18250.0
933,29041.0
934,29513.0
935,16999.0
936,19863.0
938,16491.0
939,21982.0
942,14691.0
943,15350.0
946,4595.0
947,12980.0
948,19800.0
949,27646.0
952,21977.0
953,25950.0
954,15890.0
956,29700.0
957,22907.0
958,19500.0
959,15790.0
960,19488.0
961,23900.0
964,18630.0
965,14990.0
966,21900.0
967,10801.0
968,10990.0
969,19999.0
970,20995.0
971,17987.0
972,26791.0
973,5749.0
974,21990.0
975,11990.0
976,20220.0
978,29995.0
979,18400.0
980,27998.0
981,29995.0
982,22140.0
983,17294.0
984,13979.0
985,2995.0
986,25982.0
988,16194.0
989,28371.0
990,28950.0
991,15999.0
992,19586.0
993,18500.0
994,15933.0
995,15444.0
998,21000.0
1002,17500.0
1003,24834.0
1004,9825.0
1005,16756.0
1006,20063.0
1007,23995.0
1008,16025.0
1009,23450.0
1010,29450.0
1011,15700.0
1012,27990.0
1014,24931.0
1015,16465.0
1017,25736.0
1018,20449.0
1019,20985.0
1020,23999.0
1022,23995.0
1023,26995.0
1025,16000.0
1026,15998.0
1030,21215.0
1031,12898.0
1033,18980.0
1034,16500.0
1035,29999.0
1036,8995.0
1037,21700.0
1039,26883.0
1040,15498.0
1041,17734.0
1042,18557.0
1043,11166.0
1045,17991.0
1047,22577.0
1050,15900.0
1051,27397.0
1052,21972.0
1053,29600.0
1054,19700.0
1055,11062.0
1056,16891.0
1057,14488.0
1058,29995.0
1059,16334.0
1060,5579.0
1061,14495.0
1062,26998.0
1066,20911.0
1067,13851.0
1068,16790.0
1069,23991.0
1070,22980.0
1071,13202.0
1072,18888.0
1073,18462.0
1074,22120.0
1075,25995.0
1076,19990.0
1077,17500.0
1078,17263.0
1080,19400.0
1081,27488.0
1082,29965.0
1083,4995.0
1084,19990.0
1086,29500.0
1087,26999.0
1088,28500.0
1089,14888.0
1090,15988.0
1091,29450.0
1092,9000.0
1094,23921.0
1096,16255.0
1097,25551.0
1098,23988.0
1099,28500.0
1101,16777.0
1102,13600.0
1103,12578.0
1104,21995.0
1105,11999.0
1106,14659.0
1107,16000.0
1108,14101.0
1109,19122.0
1110,14995.0
1112,5999.0
1114,17487.0
1115,16979.0
1117,23995.0
1118,6891.0
1119,1680.0
1120,15949.0
1121,13842.0
1122,17976.0
1123,18457.0
1125,15999.0
1127,13688.0
1128,12620.0
1129,13057.0
1130,16771.0
1132,13990.0
1133,24764.0
1134,29773.0
1135,21995.0
1136,18985.0
1137,29490.0
1139,29733.0
1140,15989.0
1141,11991.0
1143,25830.0
1144,9642.0
1145,21995.0
1146,26995.0
1148,7499.0
1149,29997.0
1150,26999.0
1152,28601.0
1153,18994.0
1157,28998.0
1158,11918.0
1159,14995.0
1160,14988.0
1161,21777.0
1163,11292.0
1164,20522.0
1165,11991.0
1166,28959.0
1167,15500.0
1168,29500.0
1169,17899.0
1170,13990.0
1172,9985.0
1173,29900.0
1174,20495.0
1176,21990.0
1177,3995.0
1178,14822.0
1180,28999.0
1182,21557.0
1183,7495.0
1184,13488.0
1185,6999.0
1187,20888.0
1189,26303.0
1190,16900.0
1191,19500.0
1192,26488.0
1194,16994.0
1196,16997.0
1197,21996.0
1199,17717.0
1201,23995.0
1202,27995.0
1203,16983.0
1205,22999.0
1206,21990.0
1207,16435.0
1209,16400.0
1210,15929.0
1211,16987.0
1212,16495.0
1213,18179.0
1214,23880.0
1215,27541.0
1218,21580.0
1219,24594.0
1220,11003.0
1222,19621.0
1224,26999.0
1225,12500.0
1227,19990.0
1228,15990.0
1229,19634.0
1230,28999.0
1231,17917.0
1233,27912.0
1235,24445.0
1236,21500.0
1238,14182.0
1239,19900.0
1240,14997.0
1242,10982.0
1243,18995.0
1244,14950.0
1245,18500.0
1247,25997.0
1248,27999.0
1249,25409.0
1250,29995.0
1251,4900.0
1252,12494.0
1255,16881.0
1256,16276.0
1257,18741.0
1258,22703.0
1259,5498.0
1260,23500.0
1261,26278.0
1262,21988.0
1263,25992.0
1264,24982.0
1265,15500.0
1267,24448.0
1270,23988.0
1271,22162.0
1272,16588.0
1273,22500.0
1274,19300.0
1276,21876.0
1277,16395.0
1278,9905.0
1279,21999.0
1280,19515.0
1281,27999.0
1282,28500.0
1283,15263.0
1284,17990.0
1286,20617.0
1289,16999.0
1291,15279.0
1292,16385.0
1293,20991.0
1294,11188.0
1295,19900.0
1296,21994.0
1298,29600.0
1299,19656.0
1300,15596.0
1302,26991.0
1303,21103.0
1304,23671.0
1305,7991.0
1306,11490.0
1307,14333.0
1308,22500.0
1310,26450.0
1311,14787.0
1312,20780.0
1313,28935.0
1314,18995.0
1315,20991.0
1316,15477.0
1317,23495.0
1318,18964.0
1319,20995.0
1320,7500.0
1322,14975.0
1323,27993.0
1324,16599.0
1325,12527.0
1326,26995.0
1327,21990.0
1328,12500.0
1329,11689.0
1330,10941.0
1331,18980.0
1332,17500.0
1333,26995.0
1335,18995.0
1336,27063.0
1338,19900.0
1339,15999.0
1342,17890.0
1343,10990.0
1345,14888.0
1347,16587.0
1349,29250.0
1350,26949.0
1351,22977.0
1354,21955.0
1355,10695.0
1358,16490.0
1360,29998.0
1362,13425.0
1363,27999.0
1364,14900.0
1365,9384.0
1366,16988.0
1368,16972.0
1369,16577.0
1370,26258.0
1371,14999.0
1373,23146.0
1374,18575.0
1376,25983.0
1377,18000.0
1378,25991.0
1379,18990.0
1381,25575.0
1382,19599.0
1383,18581.0
1386,6322.0
1388,18780.0
1390,16599.0
1391,23200.0
1393,16284.0
1394,19995.0
1396,18880.0
1397,17250.0
1399,14998.0
1400,13887.0
1401,11175.0
1402,21998.0
1404,17800.0
1405,21124.0
1407,8876.0
1408,21900.0
1409,26063.0
1410,29991.0
1411,13400.0
1414,18397.0
1415,7392.0
1416,15995.0
1417,11900.0
1418,6500.0
1419,15976.0
1420,19795.0
1421,15000.0
1422,21897.0
1423,24250.0
1424,29664.0
1425,13750.0
1426,24990.0
1427,20699.0
1428,24459.0
1431,23850.0
1432,15777.0
1433,22998.0
1435,21995.0
1437,24885.0
1438,9988.0
1439,18999.0
1440,22000.0
1442,10731.0
1443,24949.0
1445,19254.0
1446,17993.0
1447,6300.0
1448,16995.0
1450,28995.0
1451,23777.0
1453,25000.0
1454,17900.0
1456,23000.0
1457,16706.0
1458,15492.0
1459,29000.0
1460,16800.0
1462,6298.0
1463,19455.0
1464,15995.0
1465,24998.0
1466,16499.0
1467,25845.0
1468,28977.0
1469,19500.0
1470,7988.0
1473,16999.0
1474,19988.0
1476,16688.0
1477,24998.0
1478,21990.0
1479,18902.0
1480,22480.0
1481,16911.0
1483,16888.0
1484,6698.0
1485,27777.0
1486,28688.0
1487,13050.0
1488,19977.0
1489,20495.0
1490,17995.0
1491,4995.0
1492,15628.0
1493,26690.0
1494,20507.0
1495,22067.0
1496,12880.0
1497,8343.0
1499,27988.0
1500,15992.0
1501,9795.0
1503,16915.0
1504,15775.0
1505,22998.0
1507,24991.0
1509,26499.0
1511,15492.0
1512,21994.0
1513,22991.0
1515,4704.0
1516,15613.0
1517,15000.0
1519,28497.0
1523,21625.0
1524,11995.0
1525,12297.0
1526,29888.0
1527,29990.0
1528,17196.0
1530,10998.0
1531,19570.0
1534,22000.0
1535,19450.0
1536,13995.0
1537,17400.0
1538,17924.0
1539,27777.0
1540,21900.0
1543,25991.0
1544,23962.0
1545,25551.0
1547,18000.0
1548,25988.0
1549,26999.0
1550,19865.0
1551,15995.0
1552,25497.0
1553,27990.0
1554,25494.0
1555,13988.0
1556,8495.0
1557,16299.0
1559,20950.0
1560,11000.0
1561,29295.0
1563,8995.0
1565,20550.0
1566,18500.0
1568,4995.0
1569,7995.0
1570,16199.0
1572,16523.0
1573,26999.0
1574,14995.0
1575,9995.0
1576,20998.0
1578,17700.0
1579,23988.0
1580,16595.0
1581,18200.0
1582,16500.0
1583,15158.0
1584,5988.0
1585,20900.0
1586,19995.0
1589,19990.0
1590,9590.0
1591,14271.0
1592,27991.0
1593,29991.0
1594,19900.0
1595,16999.0
1596,14932.0
1597,27977.0
1598,9996.0
1599,12935.0
1601,29990.0
1602,17000.0
1603,19998.0
1605,15900.0
1606,23599.0
1607,17500.0
1608,23000.0
1609,15200.0
1610,19900.0
1614,18999.0
1615,16700.0
1616,25987.0
1617,22899.0
1618,26919.0
1619,14998.0
1620,25997.0
1623,13999.0
1624,18000.0
1625,29483.0
1627,23995.0
1628,22997.0
1629,18465.0
1630,18999.0
1631,20256.0
1633,18890.0
1634,10000.0
1635,20899.0
1636,23700.0
1637,20294.0
1640,14998.0
1641,9995.0
1643,22974.0
1644,4500.0
1645,16997.0
1646,27991.0
1647,29991.0
1648,23490.0
1649,24495.0
1650,22569.0
1651,24779.0
1652,22554.0
1653,13998.0
1654,22490.0
1655,29988.0
1656,12858.0
1659,27995.0
1661,23200.0
1663,10748.0
1664,23267.0
1665,9637.0
1666,10437.0
1667,20545.0
1669,25560.0
1670,14969.0
1671,24997.0
1672,12405.0
1673,16500.0
1674,18994.0
1675,11999.0
1677,29900.0
1680,18750.0
1681,18255.0
1682,9995.0
1683,23000.0
1684,18949.0
1686,26000.0
1687,29745.0
1688,26225.0
1690,25700.0
1691,26240.0
1692,19797.0
1693,17990.0
1695,26939.0
1696,26500.0
1697,24444.0
1698,12500.0
1700,10997.0
1701,20991.0
1702,16626.0
1704,19996.0
1705,15996.0
1706,8595.0
1707,13295.0
1708,15240.0
1709,22184.0
1710,14940.0
1711,24991.0
1712,18384.0
1713,12977.0
1714,22500.0
1716,24026.0
1717,18995.0
1719,28995.0
1720,20995.0
1721,14995.0
1722,28500.0
1725,18694.0
1726,20997.0
1727,12979.0
1728,9727.0
1729,19400.0
1732,20812.0
1733,18800.0
1734,13500.0
1736,13991.0
1737,19895.0
1738,27481.0
1739,20495.0
1741,17400.0
1742,22500.0
1744,14995.0
1745,12595.0
1746,18988.0
1747,21880.0
1748,14991.0
1749,21839.0
1752,21234.0
1753,17302.0
1754,23990.0
1755,11889.0
1756,29500.0
1757,14200.0
1758,2000.0
1759,18957.0
1760,8000.0
1761,16599.0
1762,14900.0
1763,16791.0
1764,25497.0
1767,12995.0
1768,24298.0
1769,27595.0
1770,24768.0
1771,15598.0
1772,15000.0
1774,12998.0
1775,24995.0
1776,19991.0
1777,19995.0
1778,24991.0
1780,27500.0
1781,13700.0
1782,8698.0
1783,21879.0
1784,24349.0
1786,23975.0
1788,15000.0
1791,26995.0
1792,15999.0
1794,16775.0
1795,15205.0
1796,18895.0
1798,15742.0
1799,26149.0
1800,15990.0
1803,7985.0
1804,16977.0
1805,26091.0
1808,22372.0
1809,21495.0
1810,27500.0
1811,9668.0
1813,24180.0
1814,16999.0
1815,18590.0
1817,15450.0
1818,10296.0
1819,16018.0
1820,16480.0
1822,8852.0
1823,27450.0
1824,10995.0
1825,21145.0
1827,14342.0
1828,11499.0
1833,15820.0
1834,9991.0
1835,19291.0
1837,20900.0
1840,17999.0
1841,13900.0
1843,29288.0
1845,14564.0
1846,13995.0
1848,22300.0
1849,24355.0
1853,16692.0
1854,14500.0
1855,24399.0
1856,8990.0
1860,23739.0
1863,20545.0
1864,23484.0
1865,20690.0
1866,22518.0
1868,8610.0
1869,24995.0
1870,17995.0
1872,16990.0
1874,24000.0
1875,19000.0
1876,9995.0
1877,22195.0
1878,13250.0
1879,22948.0
1880,29900.0
1881,21995.0
1882,29992.0
1884,17700.0
1885,5539.0
1886,24980.0
1887,12998.0
1889,17489.0
1890,9350.0
1891,8995.0
1893,6425.0
1894,14982.0
1895,16966.0
1896,17492.0
1897,22499.0
1898,15990.0
1900,18135.0
1901,26997.0
1902,19308.0
1903,20900.0
1904,15499.0
1905,19922.0
1908,13450.0
1909,26290.0
1911,27294.0
1912,29980.0
1913,16990.0
1914,25297.0
1917,13500.0
1919,18493.0
1920,22163.0
1921,16000.0
1922,15000.0
1923,24883.0
1924,20991.0
1925,18344.0
1926,19981.0
1928,25500.0
1932,23596.0
1936,19229.0
1937,13900.0
1938,24995.0
1939,19293.0
1940,18988.0
1941,29987.0
1942,19875.0
1943,22900.0
1944,23995.0
1945,20999.0
1946,15990.0
1947,10586.0
1948,29950.0
1949,17681.0
1950,10990.0
1953,18158.0
1954,23390.0
1955,12900.0
1956,20450.0
1957,22773.0
1958,17928.0
1959,21489.0
1961,16500.0
1963,28488.0
1964,13600.0
1965,17993.0
1966,16991.0
1967,6988.0
1968,14995.0
1969,24999.0
1970,24998.0
1971,24987.0
1972,26980.0
1973,16312.0
1974,18239.0
1975,22987.0
1976,17977.0
1977,19988.0
1978,28427.0
1979,18200.0
1980,24771.0
1982,14444.0
1983,16500.0
1985,23995.0
1986,13804.0
1987,19995.0
1988,14995.0
1990,28200.0
1991,14870.0
1992,29744.0
1993,16189.0
1994,23480.0
1995,15300.0
1996,22750.0
1997,7900.0
1998,28420.0
1999,22988.0
2001,13955.0
2003,12997.0
2007,19950.0
2008,29584.0
2009,29500.0
2010,25400.0
2011,28890.0
2013,20990.0
2014,15490.0
2015,22488.0
2016,18995.0
2019,16973.0
2021,29766.0
2022,24898.0
2023,19997.0
2024,19788.0
2025,13947.0
2026,26967.0
2027,21900.0
2028,16599.0
2029,16988.0
2030,17995.0
2032,12000.0
2033,6709.0
2035,17304.0
2036,14995.0
2037,10991.0
2038,20700.0
2039,28495.0
2040,21034.0
2044,29888.0
2045,16788.0
2050,13991.0
2051,18993.0
2053,8550.0
2057,15999.0
2058,18514.0
2060,11998.0
2061,28250.0
2062,17900.0
2065,12995.0
2066,13995.0
2067,18495.0
2069,7988.0
2070,19977.0
2071,19400.0
2072,25000.0
2073,17628.0
2074,23922.0
2075,25900.0
2076,18548.0
2077,11350.0
2078,18800.0
2079,10750.0
2080,14990.0
2081,23996.0
2082,16977.0
2083,17977.0
2086,16787.0
2088,15373.0
2089,25950.0
2091,29000.0
2092,19077.0
2094,13997.0
2095,19998.0
2096,13221.0
2098,19000.0
2100,16695.0
2101,27450.0
2102,21586.0
2103,13410.0
2104,26950.0
2105,19764.0
2107,18970.0
2108,19991.0
2109,28997.0
2111,13900.0
2112,8966.0
2113,23999.0
2114,19200.0
2117,29998.0
2118,12700.0
2119,17866.0
2120,16900.0
2121,21378.0
2122,19500.0
2123,18290.0
2124,15999.0
2125,15912.0
2128,29990.0
2130,19595.0
2131,9995.0
2132,22874.0
2133,27999.0
2134,22497.0
2135,24599.0
2136,11295.0
2137,13998.0
2138,21988.0
2139,21485.0
2140,15495.0
2143,11721.0
2144,24880.0
2147,12695.0
2148,19988.0
2149,19995.0
2150,21206.0
2151,19998.0
2152,25985.0
2154,18980.0
2156,24311.0
2158,15988.0
2159,21691.0
2160,26579.0
2161,24995.0
2163,12995.0
2164,12485.0
2165,17500.0
2166,14962.0
2167,10885.0
2168,13399.0
2170,11991.0
2171,17000.0
2174,7856.0
2175,18995.0
2176,15490.0
2177,18990.0
2178,24600.0
2179,28995.0
2180,22995.0
2181,23000.0
2183,27949.0
2184,27995.0
2185,28980.0
2186,29964.0
2187,9860.0
2189,26187.0
2190,21874.0
2191,9860.0
2192,12935.0
2194,19040.0
2195,26995.0
2196,23598.0
2197,22982.0
2199,20881.0
2200,15991.0
2201,15089.0
2202,6762.0
2203,10495.0
2204,24575.0
2207,22048.0
2208,16898.0
2209,17490.0
2210,14995.0
2211,17773.0
2213,19995.0
2215,25600.0
2216,10500.0
2217,21860.0
2220,12995.0
2221,16998.0
2222,20988.0
2223,19477.0
2224,14777.0
2225,15398.0
2226,22992.0
2227,20195.0
2229,13197.0
2230,15900.0
2231,17622.0
2232,26599.0
2233,24995.0
2234,25995.0
2235,11199.0
2236,14888.0
2237,25222.0
2238,10591.0
2239,9999.0
2241,13250.0
2243,17490.0
2244,18998.0
2245,21000.0
2246,11888.0
2247,14551.0
2248,16500.0
2249,15940.0
2251,26999.0
2252,21032.0
2253,15991.0
2255,19590.0
2256,19995.0
2257,19999.0
2258,25626.0
2259,17591.0
2260,18298.0
2261,16500.0
2262,14888.0
2267,19500.0
2268,10950.0
2269,17789.0
2271,20995.0
2272,14090.0
2273,22998.0
2274,20998.0
2275,17486.0
2276,20495.0
2278,28848.0
2279,24397.0
2280,24994.0
2281,19875.0
2282,21999.0
2283,24500.0
2284,17959.0
2285,13997.0
2286,10990.0
2287,12499.0
2288,16361.0
2289,21500.0
2294,29999.0
2295,12608.0
2296,21800.0
2297,29998.0
2299,20998.0
2301,25456.0
2303,14975.0
2305,11988.0
2308,17999.0
2309,18990.0
2310,18900.0
2312,26333.0
2316,16953.0
2317,20888.0
2318,23995.0
2319,13595.0
2320,28990.0
2321,15578.0
2322,15991.0
2324,15999.0
2325,17870.0
2326,8699.0
2327,25895.0
2328,24995.0
2329,28967.0
2332,9128.0
2333,26999.0
2334,23993.0
2335,18995.0
2336,16995.0
2337,16500.0
2338,17700.0
2341,12999.0
2342,19200.0
2343,24850.0
2344,29317.0
2345,28803.0
2346,27995.0
2347,26800.0
2348,25895.0
2349,18995.0
2350,16998.0
2352,23505.0
2354,27996.0
2355,24000.0
2358,19000.0
2361,16900.0
2362,14999.0
2363,19309.0
2364,17393.0
2365,20998.0
2366,21995.0
2367,18298.0
2369,17492.0
2370,11800.0
2371,18990.0
2372,9995.0
2373,17795.0
2374,6695.0
2375,19987.0
2376,28980.0
2379,12488.0
2380,14995.0
2381,11900.0
2383,21991.0
2384,26500.0
2385,21995.0
2386,18386.0
2387,15876.0
2388,24800.0
2390,11998.0
2391,16400.0
2396,20999.0
2397,12688.0
2398,27700.0
2399,8999.0
2402,9977.0
2403,25900.0
2404,22695.0
2405,16481.0
2406,18873.0
2407,29207.0
2408,19802.0
2409,29000.0
2410,19250.0
2413,22595.0
2414,22995.0
2416,3500.0
2417,9532.0
2418,22000.0
2419,18150.0
2420,17995.0
2421,17990.0
2422,16344.0
2423,16597.0
2424,13249.0
2425,17141.0
2426,15595.0
2427,19200.0
2429,17590.0
2431,19984.0
2432,19998.0
2434,23664.0
2435,14995.0
2436,16790.0
2437,23426.0
2438,30000.0
2439,14499.0
2440,19350.0
2441,18991.0
2444,15512.0
2445,18500.0
2447,15299.0
2448,23700.0
2449,15959.0
2450,21977.0
2451,15000.0
2454,22995.0
2455,18462.0
2456,22891.0
2457,27339.0
2458,13794.0
2459,20677.0
2460,25900.0
2462,2953.0
2463,21884.0
2464,28999.0
2466,20195.0
2467,12863.0
2468,25999.0
2469,22693.0
2470,23989.0
2471,14642.0
2472,17995.0
2473,12995.0
2474,15777.0
2475,12972.0
2476,18513.0
2479,17995.0
2480,28995.0
2483,13999.0
2484,24675.0
2485,24897.0
2486,16551.0
2487,14795.0
2488,14295.0
2489,17468.0
2490,24555.0
2491,21999.0
2492,16716.0
2493,10919.0
2494,24995.0
2495,28998.0
2496,24788.0
2497,10750.0
2498,15990.0
2499,28895.0
2500,22500.0
2501,15906.0
2503,11490.0
2504,16990.0
2505,28988.0
2506,17695.0
2507,21988.0
2508,19495.0
2509,15141.0
2510,17995.0
2511,9993.0
2512,17997.0
2514,13999.0
2515,25996.0
2516,9913.0
2517,28999.0
2518,16991.0
2520,17390.0
2521,5995.0
2522,23540.0
2523,27634.0
2524,18399.0
2525,21412.0
2526,14981.0
2529,23500.0
2530,15495.0
2532,28990.0
2533,17571.0
2534,14999.0
2536,11785.0
2537,18987.0
2539,12497.0
2540,13493.0
2541,15990.0
2542,11995.0
2543,16900.0
2545,7994.0
2546,14697.0
2547,11495.0
2549,20990.0
2550,17991.0
2551,15995.0
2552,26446.0
2554,8200.0
2555,7588.0
2556,23000.0
2557,26787.0
2558,21400.0
2559,27995.0
2561,12550.0
2562,14998.0
2563,20532.0
2565,25495.0
2566,17679.0
2567,12993.0
2569,16880.0
2570,16599.0
2571,17000.0
2572,13952.0
2573,26258.0
2574,14988.0
2575,19497.0
2576,16988.0
2577,26900.0
2579,25990.0
2583,22807.0
2587,9891.0
2588,26500.0
2589,19299.0
2590,24992.0
2591,21301.0
2592,29929.0
2593,12990.0
2594,19800.0
2595,24149.0
2597,19319.0
2599,14897.0
2600,27999.0
2601,26816.0
2603,24000.0
2605,12495.0
2606,29113.0
2607,9988.0
2608,16550.0
2609,29274.0
2610,17455.0
2611,26058.0
2613,16250.0
2614,6995.0
2615,25000.0
2616,29900.0
2617,19932.0
2618,23250.0
2619,25499.0
2621,12199.0
2622,29859.0
2623,30000.0
2625,19267.0
2626,19499.0
2627,29989.0
2628,22998.0
2629,26000.0
2630,29500.0
2631,19987.0
2632,26712.0
2633,21598.0
2634,12864.0
2635,26990.0
2636,25495.0
2637,19883.0
2638,23995.0
2640,27499.0
2642,16575.0
2643,16989.0
2646,21500.0
2648,10985.0
2649,16495.0
2650,10995.0
2651,22999.0
2652,17975.0
2655,19442.0
2656,6500.0
2657,8995.0
2658,13918.0
2659,25552.0
2661,9299.0
2663,28995.0
2664,22250.0
2665,14725.0
2666,24250.0
2668,25995.0
2669,18915.0
2670,22988.0
2671,22888.0
2672,28800.0
2673,18878.0
2675,28899.0
2676,8998.0
2677,19988.0
2679,26997.0
2680,7595.0
2681,19999.0
2682,12800.0
2683,23995.0
2684,28526.0
2685,12595.0
2686,12979.0
2687,18595.0
2688,20998.0
2689,19850.0
2690,8500.0
2691,16887.0
2692,12998.0
2694,17500.0
2695,14900.0
2696,22899.0
2698,16900.0
2699,29999.0
2700,22880.0
2701,9995.0
2702,25995.0
2703,21499.0
2706,22900.0
2707,18499.0
2708,14699.0
2709,19147.0
2710,23999.0
2711,25863.0
2712,6590.0
2713,12990.0
2714,19977.0
2715,21204.0
2717,15631.0
2719,16488.0
2720,23694.0
2724,18390.0
2727,23988.0
2729,15995.0
2731,27999.0
2732,20998.0
2733,14999.0
2734,15985.0
2735,13745.0
2736,26995.0
2737,7599.0
2738,29039.0
2739,24582.0
2740,8995.0
2743,21010.0
2744,16344.0
2748,28191.0
2749,29990.0
2750,20999.0
2751,18700.0
2752,17869.0
2753,13555.0
2754,25945.0
2755,17500.0
2756,19378.0
2757,22456.0
2758,23777.0
2760,18905.0
2761,16991.0
2762,9333.0
2763,29895.0
2764,8990.0
2765,11250.0
2766,13902.0
2767,27760.0
2768,18995.0
2769,23498.0
2770,18598.0
2771,25290.0
2772,15798.0
2773,11987.0
2774,17599.0
2776,10991.0
2777,25000.0
2778,21977.0
2780,12480.0
2782,22998.0
2783,7900.0
2784,17000.0
2785,12980.0
2786,11080.0
2787,17991.0
2789,18200.0
2791,17888.0
2792,16913.0
2794,19995.0
2795,27500.0
2796,28488.0
2798,12500.0
2799,18997.0
2800,17000.0
2801,19106.0
2802,28129.0
2803,5995.0
2804,24990.0
2809,23288.0
2810,20991.0
2812,17974.0
2814,12500.0
2815,28498.0
2816,19988.0
2817,24997.0
2819,12777.0
2820,13340.0
2821,15555.0
2822,9980.0
2823,23467.0
2824,23650.0
2825,22994.0
2826,14544.0
2827,17900.0
2828,13097.0
2831,13500.0
2832,25880.0
2833,20907.0
2834,29999.0
2835,17290.0
2836,19998.0
2837,17899.0
2838,13690.0
2839,17548.0
2840,29995.0
2842,19988.0
2843,15900.0
2844,28000.0
2846,25480.0
2847,19990.0
2849,20989.0
2850,17566.0
2851,9599.0
2852,24500.0
2853,19625.0
2855,28945.0
2856,11495.0
2857,11992.0
2859,25000.0
2861,18795.0
2862,15990.0
2863,16599.0
2864,20000.0
2865,10990.0
2866,16994.0
2868,14889.0
2871,18688.0
2872,20988.0
2874,28958.0
2875,27865.0
2879,15410.0
2880,17820.0
2884,12900.0
2886,29999.0
2888,16630.0
2890,17987.0
2891,24998.0
2892,19900.0
2893,18488.0
2895,21500.0
2896,24500.0
2897,16998.0
2898,16204.0
2899,28495.0
2901,24980.0
2902,21707.0
2904,12750.0
2907,14985.0
2908,16900.0
2909,22123.0
2910,15000.0
2911,26719.0
2912,3995.0
2913,15457.0
2914,11982.0
2915,10142.0
2916,17795.0
2917,16599.0
2918,18900.0
2919,22000.0
2920,9500.0
2921,20999.0
2922,23495.0
2923,26000.0
2924,27952.0
2925,25451.0
2926,12604.0
2927,19991.0
2930,15793.0
2931,28400.0
2932,20500.0
2933,23799.0
2934,15210.0
2935,24081.0
2936,18687.0
2937,15999.0
2939,18999.0
2941,14998.0
2944,20488.0
2946,18900.0
2947,19779.0
2948,8838.0
2950,17858.0
2951,22099.0
2952,18500.0
2953,20829.0
2957,12993.0
2959,16779.0
2960,18990.0
2961,9995.0
2963,24900.0
2966,19988.0
2967,23278.0
2969,23700.0
2970,24799.0
2971,17595.0
2972,26600.0
2974,22485.0
2975,15200.0
2976,20000.0
2977,9952.0
2978,15500.0
2979,29594.0
2980,14977.0
2982,24788.0
2985,23646.0
2986,15741.0
2987,28301.0
2988,18488.0
2989,18524.0
2991,21488.0
2992,24988.0
2993,22980.0
2994,20488.0
2996,17000.0
2997,13495.0
2998,16583.0
2999,25595.0
3000,28226.0
3001,20780.0
3003,11952.0
3004,23466.0
3005,13355.0
3006,22216.0
3007,11955.0
3009,12995.0
3010,9343.0
3013,17999.0
3016,7000.0
3017,14991.0
3019,18590.0
3020,14989.0
3021,14498.0
3022,13900.0
3023,13454.0
3024,22352.0
3025,6935.0
3026,19500.0
3029,15500.0
3030,20997.0
3031,19900.0
3032,29988.0
3034,29990.0
3035,15990.0
3036,22477.0
3038,19977.0
3039,14990.0
3040,8995.0
3041,28987.0
3042,14500.0
3043,15995.0
3045,15999.0
3046,16301.0
3048,27986.0
3049,4400.0
3050,14995.0
3053,12995.0
3054,5997.0
3055,17278.0
3056,24997.0
3058,26980.0
3060,13999.0
3061,19988.0
3062,13871.0
3063,16334.0
3064,17923.0
3065,17990.0
3067,10734.0
3068,11995.0
3069,17590.0
3071,18999.0
3072,26939.0
3073,22731.0
3075,22000.0
3077,16991.0
3078,19995.0
3080,6496.0
3081,11403.0
3082,17429.0
3083,23999.0
3085,12995.0
3086,17553.0
3088,25500.0
3089,20291.0
3090,27975.0
3091,9995.0
3092,13495.0
3093,18500.0
3094,15985.0
3095,23987.0
3096,21673.0
3097,20000.0
3098,26995.0
3099,13995.0
3100,9988.0
3101,22899.0
3104,26799.0
3106,29987.0
3107,18837.0
3108,18700.0
3109,20995.0
3110,16813.0
3111,8391.0
3112,18915.0
3113,17606.0
3114,24995.0
3115,11798.0
3116,23990.0
3117,8988.0
3118,19991.0
3119,17096.0
3120,8398.0
3123,28488.0
3124,24370.0
3125,25700.0
3126,18995.0
3128,18000.0
3129,9798.0
3132,27997.0
3133,19991.0
3134,8156.0
3135,25900.0
3136,18500.0
3137,21992.0
3138,15693.0
3140,23964.0
3141,19505.0
3144,25220.0
3145,23995.0
3146,24990.0
3147,17995.0
3148,28000.0
3149,13999.0
3151,16495.0
3153,19441.0
3154,23900.0
3156,30000.0
3157,27995.0
3158,12995.0
3159,19999.0
3160,20048.0
3162,13000.0
3163,18314.0
3165,17500.0
3166,22600.0
3168,5495.0
3169,10723.0
3172,20000.0
3173,16195.0
3174,22999.0
3175,19592.0
3176,14988.0
3177,23872.0
3178,15999.0
3179,13990.0
3181,19189.0
3182,19500.0
3183,21998.0
3185,14996.0
3186,17460.0
3187,17488.0
3189,18998.0
3190,17948.0
3191,14990.0
3193,15998.0
3194,19900.0
3195,19999.0
3196,25928.0
3197,15410.0
3198,18995.0
3200,21362.0
3203,26593.0
3204,27200.0
3205,20900.0
3206,8499.0
3207,27450.0
3208,25488.0
3209,17999.0
3210,20956.0
3211,22297.0
3213,24848.0
3214,14977.0
3215,27900.0
3216,8600.0
3217,18754.0
3218,9200.0
3219,14000.0
3221,12937.0
3223,18591.0
3224,19777.0
3225,3000.0
3226,24336.0
3228,28490.0
3229,9991.0
3230,7500.0
3233,18495.0
3235,15990.0
3236,12991.0
3237,27888.0
3238,27498.0
3239,25993.0
3240,26595.0
3241,9599.0
3242,12588.0
3243,30000.0
3244,20976.0
3245,24759.0
3246,14444.0
3248,10995.0
3249,29833.0
3250,25900.0
3251,21689.0
3252,20988.0
3253,26400.0
3254,20998.0
3255,15899.0
3256,28493.0
3259,15923.0
3261,16804.0
3262,20725.0
3263,13300.0
3264,24500.0
3266,19988.0
3267,18000.0
3268,27950.0
3269,15500.0
3270,9995.0
3271,19781.0
3272,27223.0
3273,26999.0
3274,18998.0
3275,20495.0
3276,12950.0
3278,15990.0
3279,14495.0
3280,17275.0
3282,17500.0
3283,15491.0
3284,24000.0
3285,17511.0
3286,11985.0
3289,17104.0
3290,12988.0
3291,28999.0
3292,23395.0
3294,25175.0
3295,18687.0
3296,28900.0
3297,21746.0
3298,13888.0
3299,4000.0
3300,14995.0
3301,28991.0
3304,17990.0
3305,18479.0
3306,20884.0
3309,19962.0
3310,20999.0
3311,22891.0
3312,21200.0
3313,10844.0
3315,29390.0
3316,19364.0
3318,27963.0
3319,11200.0
3321,24000.0
3322,5998.0
3323,28995.0
3325,27900.0
3327,27490.0
3328,19988.0
3329,16998.0
3330,20900.0
3331,16100.0
3332,17589.0
3333,27174.0
3334,28999.0
3337,12399.0
3339,11988.0
3340,20765.0
3341,24990.0
3342,26959.0
3343,22949.0
3346,23900.0
3347,20872.0
3350,24995.0
3351,9988.0
3352,7989.0
3354,8383.0
3356,17488.0
3358,19985.0
3359,16292.0
3361,16562.0
3362,29000.0
3363,24900.0
3364,6000.0
3365,17895.0
3366,16995.0
3367,18295.0
3368,15990.0
3369,27250.0
3370,13245.0
3371,20000.0
3372,19895.0
3373,29894.0
3375,19498.0
3376,20999.0
3377,13990.0
3379,8999.0
3381,15334.0
3382,10764.0
3383,23998.0
3384,22000.0
3385,23561.0
3387,24750.0
3388,20000.0
3390,16479.0
3392,20490.0
3393,19000.0
3395,16919.0
3396,7888.0
3397,22995.0
3398,17300.0
3399,29209.0
3401,14975.0
3402,21992.0
3403,19311.0
3404,22995.0
3405,7900.0
3406,24950.0
3408,15802.0
3409,18896.0
3411,24900.0
3412,21900.0
3413,10325.0
3414,17295.0
3415,16976.0
3417,25995.0
3418,19787.0
3419,20587.0
3421,24910.0
3422,24490.0
3423,9982.0
3425,21900.0
3428,23567.0
3429,22999.0
3430,25984.0
3433,14796.0
3434,28000.0
3435,28292.0
3436,29000.0
3437,17406.0
3438,21157.0
3439,26995.0
3441,16595.0
3442,15995.0
3443,24989.0
3444,17837.0
3445,26990.0
3447,20750.0
3448,12990.0
3449,18494.0
3450,10648.0
3451,18500.0
3452,19995.0
3453,18965.0
3454,19279.0
3455,23945.0
3457,16500.0
3460,10995.0
3461,24609.0
3462,8995.0
3463,15500.0
3464,26991.0
3465,17500.0
3467,10988.0
3469,16254.0
3470,4995.0
3471,27848.0
3473,27499.0
3474,15995.0
3475,8900.0
3477,28078.0
3478,15985.0
3479,23166.0
3480,25495.0
3483,13441.0
3484,18800.0
3485,27750.0
3486,22990.0
3487,11598.0
3488,10000.0
3489,15611.0
3490,16998.0
3492,5995.0
3493,23732.0
3494,11900.0
3496,9900.0
3497,21295.0
3498,5800.0
3499,16787.0
3500,26487.0
3502,14375.0
3503,26878.0
3504,29885.0
3505,18185.0
3506,11750.0
3507,19665.0
3509,3975.0
3511,15881.0
3512,27999.0
3513,19076.0
3514,17695.0
3515,29888.0
3516,26399.0
3518,28542.0
3519,26999.0
3520,19781.0
3521,15341.0
3522,18500.0
3523,22500.0
3525,25599.0
3527,25581.0
3528,12987.0
3529,7988.0
3530,14397.0
3532,23491.0
3534,23491.0
3535,20995.0
3537,9770.0
3538,11350.0
3540,29999.0
3541,23950.0
3543,21664.0
3545,29000.0
3548,18881.0
3549,6997.0
3550,16977.0
3552,26915.0
3555,10700.0
3556,15285.0
3558,18550.0
3559,18170.0
3561,25995.0
3562,16900.0
3563,28456.0
3564,28399.0
3565,27799.0
3566,22999.0
3568,12996.0
3569,23995.0
3571,15987.0
3572,15999.0
3573,19579.0
3574,14928.0
3576,27990.0
3578,29499.0
3579,12199.0
3580,16495.0
3581,15750.0
3582,20991.0
3583,14882.0
3584,19494.0
3585,22500.0
3586,15999.0
3587,14500.0
3588,25751.0
3589,15388.0
3590,27984.0
3591,20500.0
3592,12333.0
3593,29000.0
3596,9895.0
3597,13300.0
3598,26999.0
3599,19750.0
3602,16300.0
3603,13798.0
3604,16295.0
3605,18955.0
3606,29500.0
3608,5995.0
3610,11200.0
3612,8900.0
3613,15997.0
3615,11500.0
3616,19064.0
3618,17603.0
3619,19995.0
3621,8500.0
3623,12250.0
3624,21950.0
3625,19788.0
3626,17489.0
3628,9881.0
3629,20243.0
3630,17000.0
3631,29728.0
3632,17995.0
3633,27000.0
3634,5500.0
3635,7000.0
3636,23971.0
3637,29998.0
3638,23995.0
3639,13999.0
3641,6677.0
3643,17995.0
3646,14980.0
3647,28790.0
3648,12850.0
3649,26500.0
3650,26388.0
3653,26999.0
3654,10388.0
3655,15494.0
3656,9999.0
3657,18795.0
3658,25995.0
3659,12423.0
3660,7879.0
3661,23980.0
3662,15990.0
3664,16488.0
3665,29990.0
3668,27400.0
3669,27500.0
3671,26295.0
3672,24624.0
3673,29000.0
3674,18880.0
3675,19986.0
3676,2458.0
3677,16281.0
3678,18990.0
3680,24369.0
3681,28811.0
3682,19199.0
3683,13199.0
3684,9888.0
3685,28400.0
3686,23100.0
3687,28900.0
3688,17995.0
3689,10584.0
3690,23788.0
3692,20290.0
3693,18499.0
3695,16720.0
3698,19900.0
3700,23422.0
3701,19999.0
3702,15500.0
3703,15995.0
3704,9995.0
3705,28795.0
3707,17900.0
3709,23195.0
3710,7700.0
3711,15000.0
3712,16765.0
3713,20950.0
3714,24998.0
3717,24777.0
3718,18490.0
3720,11989.0
3721,15139.0
3722,19966.0
3725,19949.0
3726,17962.0
3727,13800.0
3728,18407.0
3729,28660.0
3730,20855.0
3731,16500.0
3732,15462.0
3733,12969.0
3736,17249.0
3737,17999.0
3738,4950.0
3740,29966.0
3741,16980.0
3742,17590.0
3743,17495.0
3744,15600.0
3745,21295.0
3746,8750.0
3747,11289.0
3748,14473.0
3750,15074.0
3752,14900.0
3754,14424.0
3755,19897.0
3756,24900.0
3758,15988.0
3760,26873.0
3761,18977.0
3762,6990.0
3764,29975.0
3765,25564.0
3766,15760.0
3768,18850.0
3770,28800.0
3772,18657.0
3774,20495.0
3776,26995.0
3777,26495.0
3778,28399.0
3780,27950.0
3781,22991.0
3782,13995.0
3783,26997.0
3784,5331.0
3785,25313.0
3786,25295.0
3787,13990.0
3788,27679.0
3789,12999.0
3791,26991.0
3792,17995.0
3793,23300.0
3794,20995.0
3795,19991.0
3796,20795.0
3797,16992.0
3799,28993.0
3800,17990.0
3801,16998.0
3802,16877.0
3803,26242.0
3804,18000.0
3805,20999.0
3806,17495.0
3807,16500.0
3808,26995.0
3809,23887.0
3811,11998.0
3812,22899.0
3813,13499.0
3816,27495.0
3817,29995.0
3818,22949.0
3819,15983.0
3820,21590.0
3821,12995.0
3822,8999.0
3823,20995.0
3825,5935.0
3827,17628.0
3828,18988.0
3829,26898.0
3830,27497.0
3831,26777.0
3832,27000.0
3833,12499.0
3834,18995.0
3835,26630.0
3836,16231.0
3838,12777.0
3839,18988.0
3840,26997.0
3841,11314.0
3842,22041.0
3843,24990.0
3844,22980.0
3846,18499.0
3847,16787.0
3848,21500.0
3849,9198.0
3850,19877.0
3851,28955.0
3852,11999.0
3853,29195.0
3854,17995.0
3855,17655.0
3856,28500.0
3857,22495.0
3858,14841.0
3859,11500.0
3860,26915.0
3861,19591.0
3862,22955.0
3863,24477.0
3864,12895.0
3866,11995.0
3868,17975.0
3869,28795.0
3871,17985.0
3872,21691.0
3873,11980.0
3874,19991.0
3877,18488.0
3878,14908.0
3880,6991.0
3881,12900.0
3882,18995.0
3886,28598.0
3887,22500.0
3888,16970.0
3890,22006.0
3891,13999.0
3894,23422.0
3895,28995.0
3897,10282.0
3899,15997.0
3900,21900.0
3901,29022.0
3903,17500.0
3905,26935.0
3906,25799.0
3907,9452.0
3909,17010.0
3910,18341.0
3911,10467.0
3912,20590.0
3913,16890.0
3914,14780.0
3915,10459.0
3916,23999.0
3918,18900.0
3919,20953.0
3920,28300.0
3921,9995.0
3922,8998.0
3924,17795.0
3926,5977.0
3927,26887.0
3928,16230.0
3931,29400.0
3932,13986.0
3933,16390.0
3934,22420.0
3935,27875.0
3936,24988.0
3937,19532.0
3939,22716.0
3940,11900.0
3942,18686.0
3943,24991.0
3944,24749.0
3945,17991.0
3946,20458.0
3947,10500.0
3949,17988.0
3950,18298.0
3951,29075.0
3953,19955.0
3954,5900.0
3956,14289.0
3957,14521.0
3958,15991.0
3959,21500.0
3960,13988.0
3962,28313.0
3963,15996.0
3965,10200.0
3966,25995.0
3967,16550.0
3968,28000.0
3970,13966.0
3971,24999.0
3973,13995.0
3974,3995.0
3977,23005.0
3978,28490.0
3979,29250.0
3980,28988.0
3981,16950.0
3982,14949.0
3983,10500.0
3984,22950.0
3985,19500.0
3986,24991.0
3987,21126.0
3988,16989.0
3989,22930.0
3990,20000.0
3991,28798.0
3994,6995.0
3995,27182.0
3997,15647.0
3998,19594.0
3999,26494.0
4001,19897.0
4002,25991.0
4004,16498.0
4005,22129.0
4006,16895.0
4007,13998.0
4008,18119.0
4009,15112.0
4010,25122.0
4011,26788.0
4012,18211.0
4015,16250.0
4016,13700.0
4017,16995.0
4018,23145.0
4019,4119.0
4020,12784.0
4021,23573.0
4022,26633.0
4024,8999.0
4025,18777.0
4027,16077.0
4029,8898.0
4031,25500.0
4032,19992.0
4034,18985.0
4035,18900.0
4036,27300.0
4037,19922.0
4038,28300.0
4039,16554.0
4040,22904.0
4041,15995.0
4042,16791.0
4043,19995.0
4044,21450.0
4046,7993.0
4047,26595.0
4048,23489.0
4049,22500.0
4050,12777.0
4052,28390.0
4053,9396.0
4054,17589.0
4055,16432.0
4056,16995.0
4057,27800.0
4058,21998.0
4059,15980.0
4060,19800.0
4061,28496.0
4063,10787.0
4064,22200.0
4065,12999.0
4067,17500.0
4068,16500.0
4070,16439.0
4071,22976.0
4072,24000.0
4073,21452.0
4074,20516.0
4076,29000.0
4077,17000.0
4078,15988.0
4079,14995.0
4080,18997.0
4081,22995.0
4082,19990.0
4083,29500.0
4085,19850.0
4086,16600.0
4087,15989.0
4088,16500.0
4090,19699.0
4091,8508.0
4092,15979.0
4094,24481.0
4096,19765.0
4097,16950.0
4098,28998.0
4099,29500.0
4100,27550.0
4101,16997.0
4103,18989.0
4104,15000.0
4105,25464.0
4106,19688.0
4107,15200.0
4108,23988.0
4109,9999.0
4111,24825.0
4112,19000.0
4114,14250.0
4115,29791.0
4117,15995.0
4118,17999.0
4119,29687.0
4120,13576.0
4121,27916.0
4122,18268.0
4124,17991.0
4125,20990.0
4126,9900.0
4127,28700.0
4128,20871.0
4130,7200.0
4131,18590.0
4132,27746.0
4133,15500.0
4134,24498.0
4136,7498.0
4137,19995.0
4138,25950.0
4139,20995.0
4141,28987.0
4142,17500.0
4144,16731.0
4145,11000.0
4146,23817.0
4147,25900.0
4149,14750.0
4150,16540.0
4152,17981.0
4153,18658.0
4154,21200.0
4155,15995.0
4156,18998.0
4157,29977.0
4159,15500.0
4160,6301.0
4161,17598.0
4162,19993.0
4163,9999.0
4164,28000.0
4166,17500.0
4168,19726.0
4169,9775.0
4171,28900.0
4172,15196.0
4173,4997.0
4174,25611.0
4175,19499.0
4176,27500.0
4178,15636.0
4179,10923.0
4180,12491.0
4181,21979.0
4184,21491.0
4185,17500.0
4187,16966.0
4188,20908.0
4189,14986.0
4190,21625.0
4191,19995.0
4193,9498.0
4194,26054.0
4195,21300.0
4196,18595.0
4197,17897.0
4198,25991.0
4199,26231.0
4200,26320.0
4201,19459.0
4202,12863.0
4204,15998.0
4205,16980.0
4206,16321.0
4207,17495.0
4210,28017.0
4211,18987.0
4214,21995.0
4215,26990.0
4216,16495.0
4218,25499.0
4225,20750.0
4226,29735.0
4227,23988.0
4228,29995.0
4230,12430.0
4232,24253.0
4234,27850.0
4236,24100.0
4237,16724.0
4238,10995.0
4241,17990.0
4242,17677.0
4243,18499.0
4244,15930.0
4245,17995.0
4246,25647.0
4247,22564.0
4248,17500.0
4250,27768.0
4251,18383.0
4252,20500.0
4253,15917.0
4255,18995.0
4258,24887.0
4261,17200.0
4262,14976.0
4264,26251.0
4266,27999.0
4268,18194.0
4269,22771.0
4270,14729.0
4272,15295.0
4273,20995.0
4275,26500.0
4276,27400.0
4277,12049.0
4280,14561.0
4281,16429.0
4283,17995.0
4284,24521.0
4285,20600.0
4286,24419.0
4287,23498.0
4288,15993.0
4289,26746.0
4290,17999.0
4292,17775.0
4293,6995.0
4294,15998.0
4295,9995.0
4296,12917.0
4297,15950.0
4298,10995.0
4301,18495.0
4302,12302.0
4303,24795.0
4304,21795.0
4305,18326.0
4306,20991.0
4307,28197.0
4309,15999.0
4310,26996.0
4311,5400.0
4312,15777.0
4314,18673.0
4315,12900.0
4316,12995.0
4318,17995.0
4319,27263.0
4320,13935.0
4321,20995.0
4322,29490.0
4323,11995.0
4324,15999.0
4325,28632.0
4327,15495.0
4328,25344.0
4331,9900.0
4332,17991.0
4333,8758.0
4334,28881.0
4335,22139.0
4336,26500.0
4337,20990.0
4338,19905.0
4339,18998.0
4340,18050.0
4342,26962.0
4344,29986.0
4345,17908.0
4346,16255.0
4347,20400.0
4349,26991.0
4350,26982.0
4351,15993.0
4352,17590.0
4354,24995.0
4356,19448.0
4357,27450.0
4358,20885.0
4359,14000.0
4360,19888.0
4361,16995.0
4362,17991.0
4365,16487.0
4366,12988.0
4367,20566.0
4368,28819.0
4369,23401.0
4370,19875.0
4372,26592.0
4373,16525.0
4374,21593.0
4376,21911.0
4377,11855.0
4378,17800.0
4379,5500.0
4381,12874.0
4382,29997.0
4383,16763.0
4384,16995.0
4385,20500.0
4386,20995.0
4387,15995.0
4388,12595.0
4389,18194.0
4390,19963.0
4392,21995.0
4393,14800.0
4394,18743.0
4397,9990.0
4398,29999.0
4399,14990.0
4400,18707.0
4401,17349.0
4403,14994.0
4405,24995.0
4406,20314.0
4407,18175.0
4408,7914.0
4409,18989.0
4410,17985.0
4413,15491.0
4414,18695.0
4417,17295.0
4418,18447.0
4419,19700.0
4420,25260.0
4421,11000.0
4422,25890.0
4424,16658.0
4425,4999.0
4426,27341.0
4427,28891.0
4428,23749.0
4430,21070.0
4431,28998.0
4432,18949.0
4433,6955.0
4434,13900.0
4437,18499.0
4438,17999.0
4439,5275.0
4440,14000.0
4441,15900.0
4442,26500.0
4446,16868.0
4447,14995.0
4448,13450.0
4449,29991.0
4450,23652.0
4456,10980.0
4457,15800.0
4458,23500.0
4461,21173.0
4462,11879.0
4463,18485.0
4465,24991.0
4467,23390.0
4468,18250.0
4469,27152.0
4470,16955.0
4471,16940.0
4472,16205.0
4473,21032.0
4474,15744.0
4476,4900.0
4477,7508.0
4478,15246.0
4479,8700.0
4482,11420.0
4483,14000.0
4484,8990.0
4485,19989.0
4487,29991.0
4488,15491.0
4490,21969.0
4491,11466.0
4492,14594.0
4493,12734.0
4494,15375.0
4495,17500.0
4497,17500.0
4498,13500.0
4499,9250.0
4500,16495.0
4502,20593.0
4503,20000.0
4504,23596.0
4506,19840.0
4507,14700.0
4508,22364.0
4509,24981.0
4510,25700.0
4511,14600.0
4512,17599.0
4513,19800.0
4514,12699.0
4515,12498.0
4516,24999.0
4518,16950.0
4519,8900.0
4520,27595.0
4521,11800.0
4522,20000.0
4523,13698.0
4524,26999.0
4525,14900.0
4526,16940.0
4527,18090.0
4530,6000.0
4531,18996.0
4534,22000.0
4535,10990.0
4536,14994.0
4537,24995.0
4538,22117.0
4540,18995.0
4541,22711.0
4542,29990.0
4544,18998.0
4545,22985.0
4547,14498.0
4548,18640.0
4549,9444.0
4550,12727.0
4552,23462.0
4553,16477.0
4554,20990.0
4555,21000.0
4557,28523.0
4559,10000.0
4560,14572.0
4561,15995.0
4562,25490.0
4563,18988.0
4565,22200.0
4566,13888.0
4567,25991.0
4568,19138.0
4571,16998.0
4572,9651.0
4573,15998.0
4576,23988.0
4577,24594.0
4579,11809.0
4580,15956.0
4583,16985.0
4584,7812.0
4589,13397.0
4590,13932.0
4592,20617.0
4595,24995.0
4597,19988.0
4599,26995.0
4600,28619.0
4601,14258.0
4603,26321.0
4606,24499.0
4607,23494.0
4608,24997.0
4610,24990.0
4611,15576.0
4612,14995.0
4613,27989.0
4614,18990.0
4616,17906.0
4620,20735.0
4621,12488.0
4622,18500.0
4623,25195.0
4624,3500.0
4628,20995.0
4629,11750.0
4631,26488.0
4632,27510.0
4633,28500.0
4634,10951.0
4635,25991.0
4636,22477.0
4637,28990.0
4638,22995.0
4639,23490.0
4640,9999.0
4642,21996.0
4643,13853.0
4644,29960.0
4645,17999.0
4646,11940.0
4647,15888.0
4648,19869.0
4649,26000.0
4651,22991.0
4652,26088.0
4654,26995.0
4655,13450.0
4656,28995.0
4657,18695.0
4659,15495.0
4660,15998.0
4661,20950.0
4662,19995.0
4663,18995.0
4664,29488.0
4667,12703.0
4668,20125.0
4669,29987.0
4670,14675.0
4671,8991.0
4672,25000.0
4673,17891.0
4674,29847.0
4676,15444.0
4677,19991.0
4678,20995.0
4679,15495.0
4683,28884.0
4686,24702.0
4687,18275.0
4689,9895.0
4690,20200.0
4691,29467.0
4693,17457.0
4694,19343.0
4695,15797.0
4696,19690.0
4697,7990.0
4698,24998.0
4699,19991.0
4701,8990.0
4702,15000.0
4704,13000.0
4705,11250.0
4709,18490.0
4710,19975.0
4711,25642.0
4714,16995.0
4715,18295.0
4716,26000.0
4717,28987.0
4718,14931.0
4719,15989.0
4720,6500.0
4721,28599.0
4723,17350.0
4726,17885.0
4727,24988.0
4728,15796.0
4729,29976.0
4730,19988.0
4731,17846.0
4732,14780.0
4733,15987.0
4735,16878.0
4739,20615.0
4740,19998.0
4741,15995.0
4742,26992.0
4743,23729.0
4744,25400.0
4745,27682.0
4747,25500.0
4748,17370.0
4749,17998.0
4750,6900.0
4751,22922.0
4753,11283.0
4754,18838.0
4755,20320.0
4756,16591.0
4757,24750.0
4758,26991.0
4759,26877.0
4760,15977.0
4761,18908.0
4762,27077.0
4763,19103.0
4766,23327.0
4767,24999.0
4769,27000.0
4770,18000.0
4771,15200.0
4772,23300.0
4773,21490.0
4775,28491.0
4776,25132.0
4777,26495.0
4778,16794.0
4779,15650.0
4780,14991.0
4781,21490.0
4782,26977.0
4783,18999.0
4784,24457.0
4785,19988.0
4786,19998.0
4787,13600.0
4788,14000.0
4791,21000.0
4792,19484.0
4794,9500.0
4795,9995.0
4796,21995.0
4797,17995.0
4799,19544.0
4800,13997.0
4801,18997.0
4803,21990.0
4804,17998.0
4805,8500.0
4806,22324.0
4808,20750.0
4809,15251.0
4810,24789.0
4811,12499.0
4812,7995.0
4813,15952.0
4814,26421.0
4815,7990.0
4816,18650.0
4817,13988.0
4818,14670.0
4820,18902.0
4821,29837.0
4822,21995.0
4824,26992.0
4825,23783.0
4826,15995.0
4827,17991.0
4828,21295.0
4829,24695.0
4830,23996.0
4832,24300.0
4833,22487.0
4835,18852.0
4836,9991.0
4838,20577.0
4839,25402.0
4840,20917.0
4841,3200.0
4842,17995.0
4843,18999.0
4844,10599.0
4845,19200.0
4846,18989.0
4847,25995.0
4849,13477.0
4851,15900.0
4852,22900.0
4854,16874.0
4856,18521.0
4859,23500.0
4860,18588.0
4861,25874.0
4862,26311.0
4863,19500.0
4865,15491.0
4866,15591.0
4867,24999.0
4868,20499.0
4869,16799.0
4870,13772.0
4871,24599.0
4872,27995.0
4874,5995.0
4875,23995.0
4876,27965.0
4877,16982.0
4878,21200.0
4879,20880.0
4880,12777.0
4881,15787.0
4882,22407.0
4883,15997.0
4884,18900.0
4886,18007.0
4887,21400.0
4888,16000.0
4889,17999.0
4890,24877.0
4892,5900.0
4893,11995.0
4894,19301.0
4895,27882.0
4896,21900.0
4897,20100.0
4898,12998.0
4899,26000.0
4900,27894.0
4901,24997.0
4902,11900.0
4903,25995.0
4905,14977.0
4906,23950.0
4907,17900.0
4908,24970.0
4909,18900.0
4910,27253.0
4911,14995.0
4912,10990.0
4913,23495.0
4914,13000.0
4915,21388.0
4916,12491.0
4917,23500.0
4918,18499.0
4919,14998.0
4920,29900.0
4921,6998.0
4922,29891.0
4924,14713.0
4926,24504.0
4927,13257.0
4928,22950.0
4929,24632.0
4933,14650.0
4935,11988.0
4937,27690.0
4938,24200.0
4939,21988.0
4941,28690.0
4942,22998.0
4943,5988.0
4945,11200.0
4946,17895.0
4947,22358.0
4949,15859.0
4951,20990.0
4952,13995.0
4955,28995.0
4956,26679.0
4957,20592.0
4960,29931.0
4961,23795.0
4962,11998.0
4963,25995.0
4964,15476.0
4966,28776.0
4970,14950.0
4971,19888.0
4973,10999.0
4974,16999.0
4975,20850.0
4976,30000.0
4977,15998.0
4981,9995.0
4984,14954.0
4985,16977.0
4986,26944.0
4988,14750.0
4989,10982.0
4990,16000.0
4991,17500.0
4992,13497.0
4993,12890.0
4994,9950.0
4995,17500.0
4996,14777.0
4998,29999.0
5000,26486.0
5002,17995.0
5004,15320.0
5006,13755.0
5007,12490.0
5009,15000.0
5010,17470.0
5011,23477.0
5013,27997.0
5014,25777.0
5016,25959.0
5017,21858.0
5018,22581.0
5019,17724.0
5020,18314.0
5021,11850.0
5024,23990.0
5026,20588.0
5027,19991.0
5028,15289.0
5029,6999.0
5030,24498.0
5031,17960.0
5033,19504.0
5036,15949.0
5037,15900.0
5038,9698.0
5039,13307.0
5040,9500.0
5041,20998.0
5042,21988.0
5045,6900.0
5046,17580.0
5047,8887.0
5048,16698.0
5049,16888.0
5050,21399.0
5051,17300.0
5052,15950.0
5053,26000.0
5056,23995.0
5057,27991.0
5058,15632.0
5059,16500.0
5060,21995.0
5061,25857.0
5062,27334.0
5063,17990.0
5064,24677.0
5065,23988.0
5066,16950.0
5068,25315.0
5069,13700.0
5070,16205.0
5071,27539.0
5072,24500.0
5073,21937.0
5074,6997.0
5076,23495.0
5077,25500.0
5078,27090.0
5079,29988.0
5080,27995.0
5081,14890.0
5082,15997.0
5083,15000.0
5084,24333.0
5086,16097.0
5087,23908.0
5088,18995.0
5090,22991.0
5092,15990.0
5096,19289.0
5097,23816.0
5098,17998.0
5099,26448.0
5102,23590.0
5103,16988.0
5104,17499.0
5105,12991.0
5106,13004.0
5107,11298.0
5108,23298.0
5109,13997.0
5111,16563.0
5113,16950.0
5114,24467.0
5117,13969.0
5119,22680.0
5122,20998.0
5123,21983.0
5125,23990.0
5128,9300.0
5129,9995.0
5130,25000.0
5131,22483.0
5135,8995.0
5136,23988.0
5137,21321.0
5138,21800.0
5139,26525.0
5140,12997.0
5141,15495.0
5143,20577.0
5144,16793.0
5146,27580.0
5147,28900.0
5149,19995.0
5150,21421.0
5151,17998.0
5153,20200.0
5155,18977.0
5157,9995.0
5158,26985.0
5159,28099.0
5160,25990.0
5161,19597.0
5162,19000.0
5163,18980.0
5164,17990.0
5165,13604.0
5166,11995.0
5167,15500.0
5168,23999.0
5171,17500.0
5172,21000.0
5175,19995.0
5177,16861.0
5178,27500.0
5179,17196.0
5180,15000.0
5183,16988.0
5184,5995.0
5185,15000.0
5190,17235.0
5192,20900.0
5193,25908.0
5194,24991.0
5195,15999.0
5196,12495.0
5197,19335.0
5199,22944.0
5200,23900.0
5201,23881.0
5202,14597.0
5204,27995.0
5205,26497.0
5206,29698.0
5207,13155.0
5208,14299.0
5209,10930.0
5211,28595.0
5213,14594.0
5214,23812.0
5215,17000.0
5216,21500.0
5218,20537.0
5219,20985.0
5220,21000.0
5221,20115.0
5223,25991.0
5224,10000.0
5226,13999.0
5228,19795.0
5229,23995.0
5230,16000.0
5233,27995.0
5236,22989.0
5237,6900.0
5238,18998.0
5239,12998.0
5240,29353.0
5241,19999.0
5242,21750.0
5244,18250.0
5245,18256.0
5246,25393.0
5248,15990.0
5249,14990.0
5250,16900.0
5251,12000.0
5252,15817.0
5255,16988.0
5256,26799.0
5257,22135.0
5259,17900.0
5260,23900.0
5261,9110.0
5262,27000.0
5263,17491.0
5264,17090.0
5265,29124.0
5267,18147.0
5268,14900.0
5269,29990.0
5270,28562.0
5271,24205.0
5272,9970.0
5275,19700.0
5276,18500.0
5277,16995.0
5278,6900.0
5279,29995.0
5281,27959.0
5282,25500.0
5283,13899.0
5284,27234.0
5285,28895.0
5287,19788.0
5288,29995.0
5289,20480.0
5290,17589.0
5291,10885.0
5292,11500.0
5294,24000.0
5295,12759.0
5296,16997.0
5297,16200.0
5298,16000.0
5299,19250.0
5300,16000.0
5301,12500.0
5302,25000.0
5304,23997.0
5305,17950.0
5310,25700.0
5311,8999.0
5312,29995.0
5313,11785.0
5314,26998.0
5317,23888.0
5318,16200.0
5319,23789.0
5321,18500.0
5322,27900.0
5323,27477.0
5324,16700.0
5325,12972.0
5326,6750.0
5328,15963.0
5329,16497.0
5330,21500.0
5332,26692.0
5333,21796.0
5334,17500.0
5335,18985.0
5336,5000.0
5337,12500.0
5338,17268.0
5339,18900.0
5341,18910.0
5342,14290.0
5343,14388.0
5344,27250.0
5346,24888.0
5348,7989.0
5349,18549.0
5350,14992.0
5351,14981.0
5352,11775.0
5353,6990.0
5354,21995.0
5356,14895.0
5358,27958.0
5360,28714.0
5362,20288.0
5364,22400.0
5366,16900.0
5367,16999.0
5368,9378.0
5369,22149.0
5372,19998.0
5374,11226.0
5375,12251.0
5376,18636.0
5377,20975.0
5379,28828.0
5380,22644.0
5381,27990.0
5383,14988.0
5384,18835.0
5385,28200.0
5386,10970.0
5387,17988.0
5388,16000.0
5390,17987.0
5391,26450.0
5392,7993.0
5393,17495.0
5394,10999.0
5396,5500.0
5397,22900.0
5398,17997.0
5399,6500.0
5400,25500.0
5401,19220.0
5402,19850.0
5403,12000.0
5404,19000.0
5406,17823.0
5407,27907.0
5408,14700.0
5409,25548.0
5411,23476.0
5412,27291.0
5413,19720.0
5414,18794.0
5415,29494.0
5417,13999.0
5420,9988.0
5422,12395.0
5423,21810.0
5424,28195.0
5426,16273.0
5427,26444.0
5428,29211.0
5429,13490.0
5430,12500.0
5431,13872.0
5432,13990.0
5433,19444.0
5434,23888.0
5435,8999.0
5436,23649.0
5438,23500.0
5439,16533.0
5441,22995.0
5442,15000.0
5445,29995.0
5446,10400.0
5447,12998.0
5448,17990.0
5449,16990.0
5450,9995.0
5451,11990.0
5452,15995.0
5453,13712.0
5455,24000.0
5456,19459.0
5457,15893.0
5458,17977.0
5459,17991.0
5460,7008.0
5461,19995.0
5462,17500.0
5463,11400.0
5464,26500.0
5465,29599.0
5467,14150.0
5468,16676.0
5469,27642.0
5470,18585.0
5471,15500.0
5473,7500.0
5474,14995.0
5475,24998.0
5477,11995.0
5478,21977.0
5480,15990.0
5481,14318.0
5482,25999.0
5483,14991.0
5484,21400.0
5485,29191.0
5487,18988.0
5488,25745.0
5489,22255.0
5491,21990.0
5492,22750.0
5494,12999.0
5496,17995.0
5497,11810.0
5499,17289.0
5500,29994.0
5501,11991.0
5502,15969.0
5504,15977.0
5506,15898.0
5507,20766.0
5509,11990.0
5510,13591.0
5511,25318.0
5512,25997.0
5514,15000.0
5517,23288.0
5519,19988.0
5520,18500.0
5521,29903.0
5524,15967.0
5527,12995.0
5528,26995.0
5529,18477.0
5530,16689.0
5531,16777.0
5532,13995.0
5533,29000.0
5534,27999.0
5535,17390.0
5536,23749.0
5537,7485.0
5538,20900.0
5542,25725.0
5543,16500.0
5544,13999.0
5546,8855.0
5549,28311.0
5550,14147.0
5551,11990.0
5553,17111.0
5554,27637.0
5555,20400.0
5556,13988.0
5558,17287.0
5560,26593.0
5561,7374.0
5562,8413.0
5563,22461.0
5566,25984.0
5567,27500.0
5568,13992.0
5570,25920.0
5571,22589.0
5572,27303.0
5573,26991.0
5574,21950.0
5576,25981.0
5577,13497.0
5579,14999.0
5582,17495.0
5583,11700.0
5584,20680.0
5585,20154.0
5588,23517.0
5589,21910.0
5593,20990.0
5594,22821.0
5595,23990.0
5596,27364.0
5597,29990.0
5598,19887.0
5600,18359.0
5602,26998.0
5604,20988.0
5605,28762.0
5607,15991.0
5608,11602.0
5609,26999.0
5611,20610.0
5612,9378.0
5613,15510.0
5614,20849.0
5615,29000.0
5616,14235.0
5619,26999.0
5620,9995.0
5621,22995.0
5623,23700.0
5624,19454.0
5625,19999.0
5626,8900.0
5627,10888.0
5628,20867.0
5630,17987.0
5632,27995.0
5633,11487.0
5634,13600.0
5635,19991.0
5636,25995.0
5637,13969.0
5638,22500.0
5641,15800.0
5642,19991.0
5643,27995.0
5644,13686.0
5645,26500.0
5646,13339.0
5647,12471.0
5648,9000.0
5650,25210.0
5652,24436.0
5653,23990.0
5654,28995.0
5655,14491.0
5656,19250.0
5657,24490.0
5658,22990.0
5659,11988.0
5661,10600.0
5662,14632.0
5663,17682.0
5665,13895.0
5666,15991.0
5668,23328.0
5669,22000.0
5670,18591.0
5671,18980.0
5672,25900.0
5673,12599.0
5674,15694.0
5675,15800.0
5676,16099.0
5677,28999.0
5678,29783.0
5679,16999.0
5682,25999.0
5684,19500.0
5685,14000.0
5687,19991.0
5688,17858.0
5689,13998.0
5690,11466.0
5691,26479.0
5692,20886.0
5693,9900.0
5694,15997.0
5695,20999.0
5699,19174.0
5700,13777.0
5702,23000.0
5704,20990.0
5705,19990.0
5706,21491.0
5707,8975.0
5708,16390.0
5709,29980.0
5710,17995.0
5712,8990.0
5713,23750.0
5714,22900.0
5715,5000.0
5717,13995.0
5719,24057.0
5721,24995.0
5723,15505.0
5724,17000.0
5726,17495.0
5727,16179.0
5728,18679.0
5729,13882.0
5730,26934.0
5731,7899.0
5732,21490.0
5733,22268.0
5734,12900.0
5735,15841.0
5736,22887.0
5737,27398.0
5738,26988.0
5740,18995.0
5741,7999.0
5742,18499.0
5743,16919.0
5744,28911.0
5745,27997.0
5746,29000.0
5747,17975.0
5748,19000.0
5749,16999.0
5750,18988.0
5752,9495.0
5753,12981.0
5755,13983.0
5756,13487.0
5757,11596.0
5758,26442.0
5759,10000.0
5761,22768.0
5762,15430.0
5763,21491.0
5764,19200.0
5765,12987.0
5766,19995.0
5768,17626.0
5769,16654.0
5770,17765.0
5771,16180.0
5772,9389.0
5773,18987.0
5774,29650.0
5775,12900.0
5776,7789.0
5777,19900.0
5779,28590.0
5780,21864.0
5781,23986.0
5784,18428.0
5785,22990.0
5786,12777.0
5787,14977.0
5788,19900.0
5791,13496.0
5792,21970.0
5793,3495.0
5794,18745.0
5797,17489.0
5798,28900.0
5799,19200.0
5800,25995.0
5801,12488.0
5804,19995.0
5805,24688.0
5806,12099.0
5808,19602.0
5810,13991.0
5812,21142.0
5813,19553.0
5814,24268.0
5815,18193.0
5818,29875.0
5819,24771.0
5820,6994.0
5821,21990.0
5822,16560.0
5823,19999.0
5824,28338.0
5825,16716.0
5826,19998.0
5827,15998.0
5828,16000.0
5830,13995.0
5831,13990.0
5832,27095.0
5833,27991.0
5836,16620.0
5837,12995.0
5840,16589.0
5842,16375.0
5843,20990.0
5844,13194.0
5845,21999.0
5847,25994.0
5848,27492.0
5849,21998.0
5850,9000.0
5851,21142.0
5854,20698.0
5855,19891.0
5857,21550.0
5858,20958.0
5859,15999.0
5860,20499.0
5861,19999.0
5862,16900.0
5863,28254.0
5864,6200.0
5865,19495.0
5866,20366.0
5867,13848.0
5868,21363.0
5869,22117.0
5870,15995.0
5871,20400.0
5874,9995.0
5875,9700.0
5876,30000.0
5877,25895.0
5878,18995.0
5880,27995.0
5882,20900.0
5885,29995.0
5886,14991.0
5887,23500.0
5888,19991.0
5889,21959.0
5890,25587.0
5891,12999.0
5893,20000.0
5894,17976.0
5897,22000.0
5899,15700.0
5900,17510.0
5901,17804.0
5902,20995.0
5903,25999.0
5905,15499.0
5909,16583.0
5910,19555.0
5911,19679.0
5912,19323.0
5913,17768.0
5915,24900.0
5916,22888.0
5917,7826.0
5918,19900.0
5919,20995.0
5921,18600.0
5922,25886.0
5923,22499.0
5926,28995.0
5927,18329.0
5928,14670.0
5930,20600.0
5931,16500.0
5932,5988.0
5933,29881.0
5934,18707.0
5935,11995.0
5937,6995.0
5938,11900.0
5941,17400.0
5942,21511.0
5943,15900.0
5944,18999.0
5945,19999.0
5946,30000.0
5948,23991.0
5949,18852.0
5950,24994.0
5951,9598.0
5952,17749.0
5953,16400.0
5955,16500.0
5957,15500.0
5959,21312.0
5960,17995.0
5962,14800.0
5964,19979.0
5966,28511.0
5967,18381.0
5969,19900.0
5971,5600.0
5973,24999.0
5975,27500.0
5978,9341.0
5979,17000.0
5980,27697.0
5981,24500.0
5982,21671.0
5983,14988.0
5984,18855.0
5986,27993.0
5988,10990.0
5990,22990.0
5991,9999.0
5992,22691.0
5993,16994.0
5994,14500.0
5995,27997.0
5996,17997.0
5997,16900.0
5999,17999.0
